t_us,tier,driving_track_id,consecutive_count,no_estimate
0,NONE,,0,True
100000,NONE,,0,True
200000,NONE,,0,True
300000,NONE,trk_000000,0,False
400000,NONE,trk_000000,0,False
500000,NONE,trk_000000,0,False
600000,NONE,trk_000000,1,False
700000,NONE,trk_000000,2,False
800000,GRADUAL,trk_000000,3,False
900000,GRADUAL,trk_000000,4,False
1000000,GRADUAL,trk_000000,5,False
1100000,GRADUAL,trk_000000,6,False
1200000,GRADUAL,trk_000000,7,False
1300000,GRADUAL,trk_000000,8,False
1400000,GRADUAL,trk_000000,9,False
1500000,GRADUAL,trk_000000,10,False
1600000,GRADUAL,trk_000000,11,False
1700000,GRADUAL,trk_000000,12,False
1800000,GRADUAL,trk_000000,13,False
1900000,GRADUAL,trk_000000,14,False
2000000,AEB,trk_000000,15,False
2100000,AEB,trk_000000,16,False
2200000,AEB,trk_000000,17,False
2300000,AEB,trk_000000,18,False
2400000,AEB,trk_000000,19,False
2500000,AEB,trk_000000,20,False
2600000,AEB,trk_000000,21,False
2700000,AEB,trk_000000,22,False
2800000,AEB,trk_000000,23,False
2900000,AEB,trk_000000,24,False
3000000,NONE,,0,True
3100000,NONE,,0,True
3200000,NONE,,0,True
3300000,NONE,,0,True
3400000,NONE,,0,True
3500000,NONE,,0,True
3600000,NONE,,0,True
3700000,NONE,,0,True
3800000,NONE,,0,True
3900000,NONE,,0,True
