t_us,channel,cls,outcome,d2,track_id
0,SENSOR_A,vehicle.car,spawned,,trk_000000
100000,SENSOR_B,vehicle.car,matched,0.07852760312604048,trk_000000
200000,SENSOR_C,vehicle.car,matched,0.6258194135957753,trk_000000
300000,SENSOR_A,vehicle.car,matched,0.04560696347266165,trk_000000
400000,SENSOR_B,vehicle.car,matched,3.1792805480477586,trk_000000
500000,SENSOR_C,vehicle.car,matched,0.5228324523340874,trk_000000
600000,SENSOR_A,vehicle.car,matched,2.7995340412490024,trk_000000
700000,SENSOR_B,vehicle.car,matched,1.0897018901323097,trk_000000
800000,SENSOR_C,vehicle.car,matched,0.1986177997008067,trk_000000
900000,SENSOR_A,vehicle.car,matched,4.527436207613925,trk_000000
1000000,SENSOR_B,vehicle.car,matched,1.3850578405704725,trk_000000
1100000,SENSOR_C,vehicle.car,matched,0.4748217266296926,trk_000000
1200000,SENSOR_A,vehicle.car,matched,0.945281181611336,trk_000000
1300000,SENSOR_B,vehicle.car,matched,1.764873115428362,trk_000000
1400000,SENSOR_C,vehicle.car,matched,0.3092950948423635,trk_000000
1500000,SENSOR_A,vehicle.car,matched,1.0338838180943024,trk_000000
1600000,SENSOR_B,vehicle.car,matched,0.338614114781606,trk_000000
1700000,SENSOR_C,vehicle.car,matched,0.20646480950053533,trk_000000
1800000,SENSOR_A,vehicle.car,matched,0.015743866336509777,trk_000000
1900000,SENSOR_B,vehicle.car,matched,3.1005894674837116,trk_000000
2000000,SENSOR_C,vehicle.car,matched,3.709854212406414,trk_000000
2100000,SENSOR_A,vehicle.car,matched,1.2044256789979209,trk_000000
2200000,SENSOR_B,vehicle.car,matched,0.2223640013650153,trk_000000
2300000,SENSOR_C,vehicle.car,matched,5.4415673314257775,trk_000000
2400000,SENSOR_A,vehicle.car,matched,0.005408250132611366,trk_000000
2500000,SENSOR_B,vehicle.car,matched,2.1612850549082894,trk_000000
2600000,SENSOR_C,vehicle.car,matched,0.35605132992040256,trk_000000
2700000,SENSOR_A,vehicle.car,matched,4.27031882833761,trk_000000
2800000,SENSOR_B,vehicle.car,matched,0.6211932184294836,trk_000000
2900000,SENSOR_C,vehicle.car,matched,1.7547169440780355,trk_000000
3000000,SENSOR_A,vehicle.car,matched,0.955785246270484,trk_000000
3100000,SENSOR_B,vehicle.car,matched,3.5737614298914635,trk_000000
3200000,SENSOR_C,vehicle.car,matched,0.15669655063543833,trk_000000
3300000,SENSOR_A,vehicle.car,matched,3.693654296510445,trk_000000
3400000,SENSOR_B,vehicle.car,matched,5.373003197120141,trk_000000
3500000,SENSOR_C,vehicle.car,matched,0.4489705761210315,trk_000000
3600000,SENSOR_A,vehicle.car,matched,0.4783014271500614,trk_000000
3700000,SENSOR_B,vehicle.car,matched,3.7095487510720986,trk_000000
3800000,SENSOR_C,vehicle.car,matched,1.6087237731864301,trk_000000
3900000,SENSOR_A,vehicle.car,matched,3.1515455292283376,trk_000000
