t_us,track_id,x,y,vx,vy,n_updates,sensors_in_estimate,first_t_us,distance_m,closing_speed_mps,ttc_s,ttc_reason,closing_std_mps,relevance,relevance_provisional,is_critical_object
0,trk_000000,30.01257302210934,-0.013210486329130189,0.0,0.0,1,SENSOR_A,0,nan,nan,inf,NOT_ELIGIBLE,nan,IN_PATH,False,False
100000,trk_000000,30.25917682337411,0.03942320655968586,2.4418683499160756,0.5211782954894942,2,SENSOR_A;SENSOR_B,0,nan,nan,inf,NOT_ELIGIBLE,nan,IN_PATH,False,False
200000,trk_000000,30.159357349143157,0.21021852296192012,0.7081556969118772,1.1192855251192952,3,SENSOR_A;SENSOR_B;SENSOR_C,0,nan,nan,inf,NOT_ELIGIBLE,nan,IN_PATH,False,False
300000,trk_000000,30.13113770056146,0.09638972340912702,0.37483652036985443,0.35946234301475144,4,SENSOR_A;SENSOR_B;SENSOR_C,0,27.13130892355926,9.62382567004393,2.819181254291716,OK,0.5099246847678983,IN_PATH,False,True
400000,trk_000000,30.131305235304804,0.07748643397854933,0.2561497467503579,0.1850092252078585,5,SENSOR_A;SENSOR_B;SENSOR_C,0,26.131420119238047,9.999956036092673,2.6131535003676367,SPEED_DEADBAND_ZEROED,0.5348082623267056,IN_PATH,False,True
500000,trk_000000,30.14147513330014,0.09550641460729999,0.21423795571633128,0.18370414032569798,6,SENSOR_A;SENSOR_B;SENSOR_C,0,25.1416565355901,9.999927847916583,2.5141837939188925,SPEED_DEADBAND_ZEROED,0.5680289138510577,IN_PATH,False,True
600000,trk_000000,29.830833075362712,-0.0001335446949034952,-0.5498221086428257,-0.07862567247271818,7,SENSOR_A;SENSOR_B;SENSOR_C,0,23.830833075736894,10.549821667869775,2.258884920141861,OK,0.3599235228067537,IN_PATH,False,True
700000,trk_000000,29.755191402805103,-0.026548799314966866,-0.6016707656051715,-0.12518699810649245,8,SENSOR_A;SENSOR_B;SENSOR_C,0,22.755206890227132,10.601517492683692,2.146410351719075,OK,0.4063107888499795,IN_PATH,False,True
800000,trk_000000,29.690250174354627,-0.04313189349948171,-0.613157107832708,-0.13496570347698814,9,SENSOR_A;SENSOR_B;SENSOR_C,0,21.69029305902361,10.612867740231229,2.043773048899885,OK,0.4516002030826186,IN_PATH,False,True
900000,trk_000000,29.945851596095583,0.06705428493966224,0.0819428855131652,0.13630987311924544,10,SENSOR_A;SENSOR_B;SENSOR_C,0,20.945958926790357,9.999948758280702,2.0946066258035114,SPEED_DEADBAND_ZEROED,0.3478064056790746,IN_PATH,False,True
1000000,trk_000000,29.953182469101325,0.10909360750670398,0.0797819766792678,0.2074086886591168,11,SENSOR_A;SENSOR_B;SENSOR_C,0,19.953480700380354,9.999850536714117,1.995377893611691,SPEED_DEADBAND_ZEROED,0.3966310973459693,IN_PATH,False,True
1100000,trk_000000,29.95297988481712,0.13322493910662264,0.059823824759566976,0.2156801926203901,12,SENSOR_A;SENSOR_B;SENSOR_C,0,18.953448113699054,9.999752958470076,1.8953916354148472,SPEED_DEADBAND_ZEROED,0.44309506443317,IN_PATH,False,True
1200000,trk_000000,30.058005027452026,0.045191212286982516,0.2812413937745601,-0.02934278672971627,13,SENSOR_A;SENSOR_B;SENSOR_C,0,18.058061574187597,9.999968686154192,1.805811812110024,SPEED_DEADBAND_ZEROED,0.3477902263249581,IN_PATH,False,True
1300000,trk_000000,30.06479359272687,0.01881329269570729,0.22720011629491524,-0.0887236263502384,14,SENSOR_A;SENSOR_B;SENSOR_C,0,17.064803963197292,9.999993922889214,1.7064814333674017,SPEED_DEADBAND_ZEROED,0.3966173801005038,IN_PATH,False,True
1400000,trk_000000,30.080955888419346,0.012654751856398208,0.21108616251178852,-0.08205508513683016,15,SENSOR_A;SENSOR_B;SENSOR_C,0,16.08096086768553,9.999996903626453,1.6080965846953255,SPEED_DEADBAND_ZEROED,0.4430824405986517,IN_PATH,False,True
1500000,trk_000000,29.949179073509566,-0.014652783548572666,-0.13222301257133312,-0.12494930366808721,16,SENSOR_A;SENSOR_B;SENSOR_C,0,14.949186254640152,9.999995196306699,1.4949193435774188,SPEED_DEADBAND_ZEROED,0.34719439735368735,IN_PATH,False,True
1600000,trk_000000,29.935231342562226,-0.013282813363986597,-0.1340615112181949,-0.0898106799712857,17,SENSOR_A;SENSOR_B;SENSOR_C,0,13.935237673030894,9.999995457222317,1.393524400350244,SPEED_DEADBAND_ZEROED,0.3960903512803456,IN_PATH,False,True
1700000,trk_000000,29.925214794402734,-0.017559993237174405,-0.12573631057874532,-0.07825746478575193,18,SENSOR_A;SENSOR_B;SENSOR_C,0,12.925226722762345,9.999990771256964,1.2925238651132962,SPEED_DEADBAND_ZEROED,0.44261200356323827,IN_PATH,False,True
1800000,trk_000000,29.92918826512458,-0.016030641100939796,-0.08860245487750168,-0.057263402704199204,19,SENSOR_A;SENSOR_B;SENSOR_C,0,11.929199036240451,9.999990970797086,1.1929209807366048,SPEED_DEADBAND_ZEROED,0.34687969780941186,IN_PATH,False,True
1900000,trk_000000,29.942295285555197,0.014034162950106233,-0.032966450957909385,0.033384029395714554,20,SENSOR_A;SENSOR_B;SENSOR_C,0,10.942304285387662,9.999991775194484,1.0942313285227527,SPEED_DEADBAND_ZEROED,0.3958245601485079,IN_PATH,False,True
2000000,trk_000000,29.923528500997687,0.036447976414126525,-0.07094636621754011,0.08021505357968811,21,SENSOR_A;SENSOR_B;SENSOR_C,0,9.923595435380166,9.999932550270803,0.9923662370214118,SPEED_DEADBAND_ZEROED,0.44237664128105114,IN_PATH,False,True
2100000,trk_000000,30.080661516880344,0.06981021942227297,0.2975179065125164,0.13707001269484073,22,SENSOR_A;SENSOR_B;SENSOR_C,0,9.080929856071316,9.999704502517664,0.908119820319188,SPEED_DEADBAND_ZEROED,0.3468295165202396,IN_PATH,False,True
2200000,trk_000000,30.111429036968456,0.0723200291042217,0.30009023247801414,0.10871322237648764,23,SENSOR_A;SENSOR_B;SENSOR_C,0,8.111751426688606,9.999602564596483,0.8112073829222174,SPEED_DEADBAND_ZEROED,0.39578375380585024,IN_PATH,False,True
2300000,trk_000000,30.158748666841813,0.1073700608833977,0.34258861700688403,0.16807313492806006,24,SENSOR_A;SENSOR_B;SENSOR_C,0,7.159553813261239,9.998875423747869,0.7160359050235702,SPEED_DEADBAND_ZEROED,0.44234074593397926,IN_PATH,False,True
2400000,trk_000000,30.18333908594783,0.1296973432672415,0.3208955945632732,0.18045825361380358,25,SENSOR_A;SENSOR_B;SENSOR_C,0,6.184699156196744,9.997800911225323,0.6186059525602968,SPEED_DEADBAND_ZEROED,0.34682856410714125,IN_PATH,False,True
2500000,trk_000000,30.21371810913423,0.11273470150176748,0.31656354428849154,0.09179691254612239,26,SENSOR_A;SENSOR_B;SENSOR_C,0,5.2149367814420255,9.997663112020588,0.5216155738606455,SPEED_DEADBAND_ZEROED,0.3957830957641294,IN_PATH,False,True
2600000,trk_000000,30.243241544480554,0.12921547187482973,0.311327004286256,0.10972182736190998,27,SENSOR_A;SENSOR_B;SENSOR_C,0,4.245208527619998,9.99536658063639,0.4247176422567698,SPEED_DEADBAND_ZEROED,0.44234018416926485,IN_PATH,False,True
2700000,trk_000000,29.97085671435893,0.06440398384148781,-0.36968469830576217,-0.06031634659749553,28,SENSOR_A;SENSOR_B;SENSOR_C,0,2.9715547261301105,9.997651021651926,0.2972252901901267,SPEED_DEADBAND_ZEROED,0.34682761877724677,IN_PATH,False,True
2800000,trk_000000,29.94697357280451,0.07185834344907427,-0.33654503840917016,-0.026161967436729612,29,SENSOR_A;SENSOR_B;SENSOR_C,0,1.9482991851156746,9.993196053659046,0.19496256999804357,SPEED_DEADBAND_ZEROED,0.3957822344720233,IN_PATH,False,True
2900000,trk_000000,29.899022394711974,0.060257129025470424,-0.3716449070214528,-0.04822114948803061,30,SENSOR_A;SENSOR_B;SENSOR_C,0,0.9010395040130283,9.977613530904351,0.09030611390410909,SPEED_DEADBAND_ZEROED,0.44233941173564173,IN_PATH,False,True
3000000,trk_000000,29.932991915098043,-0.07435091737468441,-0.21203937750056792,-0.33942576450637296,31,SENSOR_A;SENSOR_B;SENSOR_C,0,0.10009067067756626,-6.694738325594593,inf,OPENING,0.34682677208116264,OUT,False,False
3100000,trk_000000,29.956387376900555,-0.11479611604342241,-0.09908793537274897,-0.35589416014656927,32,SENSOR_A;SENSOR_B;SENSOR_C,0,1.0499073556038931,-9.940044876618403,inf,OPENING,0.39578151182160726,OUT,False,False
3200000,trk_000000,29.951107138660078,-0.15239505078676463,-0.08772434970079725,-0.3608277380706794,33,SENSOR_A;SENSOR_B;SENSOR_C,0,2.054552556824477,-9.972452904814944,inf,OPENING,0.44233877070451033,OUT,False,False
3300000,trk_000000,30.104938589611415,0.05278964422610441,0.27711461199316567,0.18051094098977832,34,SENSOR_A;SENSOR_B;SENSOR_C,0,2.895542663553529,-9.998337951738716,inf,OPENING,0.3468265815839112,OUT,False,False
3400000,trk_000000,30.141218262251602,0.016245010104233626,0.2988142644156265,0.04224307326508192,35,SENSOR_A;SENSOR_B;SENSOR_C,0,3.858815932372757,-9.999911385707538,inf,OPENING,0.3957813548384136,OUT,False,False
3500000,trk_000000,30.170312239774155,0.028974211824743593,0.2968809954870471,0.06312347283875824,36,SENSOR_A;SENSOR_B;SENSOR_C,0,4.8297746703367235,-9.999820053487355,inf,OPENING,0.4423386322929482,OUT,False,False
3600000,trk_000000,30.125023116241735,-0.03778852188140422,0.1286524664466916,-0.10083716586288216,37,SENSOR_A;SENSOR_B;SENSOR_C,0,5.875098412544249,-9.99979314595697,inf,OPENING,0.3468265716236324,OUT,False,False
3700000,trk_000000,30.173884483617563,-0.07638276448484602,0.2198154073206386,-0.17304226310096188,38,SENSOR_A;SENSOR_B;SENSOR_C,0,6.826542856359096,-9.9993740023528,inf,OPENING,0.39578134723938346,OUT,False,False
3800000,trk_000000,30.185811741368745,-0.08102550926882462,0.19513109629558784,-0.14195700832715538,39,SENSOR_A;SENSOR_B;SENSOR_C,0,7.814608325084683,-9.999462460003171,inf,OPENING,0.4423386256844226,OUT,False,False
3900000,trk_000000,30.054458807201456,0.1271871709502856,-0.1433713567671578,0.35706703096649295,40,SENSOR_A;SENSOR_B;SENSOR_C,0,8.946445316912742,-9.998989404079307,inf,OPENING,0.34682657066251465,OUT,False,False
