param,value,stream,split,n_matches,n_spawns,n_evictions,gate_acceptance_rate,spawn_to_match_ratio,vel_jitter_std_mps,vel_jitter_n,correct_action_rate,false_brake_rate,missed_brake_rate,n_scored,mean_correct_across_streams,mean_missed_across_streams
SIGMA_A,0.5,lidar,tune,1873,377,355,0.8324,0.2013,4.3811,51,0.9493670886075949,0.0,1.0,79,0.943,0.875
SIGMA_A,0.5,radar,tune,2297,373,347,0.8603,0.1624,4.7315,103,0.9493670886075949,0.013333333333333334,0.75,79,0.943,0.875
SIGMA_A,0.5,camera,tune,617,67,62,0.902,0.1086,3.3157,12,0.9493670886075949,0.0,1.0,79,0.943,0.875
SIGMA_A,0.5,fused,tune,4914,690,649,0.8769,0.1404,5.1452,118,0.9240506329113924,0.04,0.75,79,0.943,0.875
SIGMA_A,1.0,lidar,tune,1875,375,353,0.8333,0.2,4.3779,51,0.9493670886075949,0.0,1.0,79,0.9335,0.875
SIGMA_A,1.0,radar,tune,2298,372,346,0.8607,0.1619,4.6402,102,0.9493670886075949,0.013333333333333334,0.75,79,0.9335,0.875
SIGMA_A,1.0,camera,tune,618,66,60,0.9035,0.1068,3.1396,10,0.9493670886075949,0.0,1.0,79,0.9335,0.875
SIGMA_A,1.0,fused,tune,4916,688,648,0.8772,0.14,5.1097,120,0.8860759493670886,0.08,0.75,79,0.9335,0.875
SIGMA_A,2.0,lidar,tune,1877,373,351,0.8342,0.1987,4.3515,51,0.9493670886075949,0.0,1.0,79,0.9367,0.875
SIGMA_A,2.0,radar,tune,2302,368,342,0.8622,0.1599,4.6967,98,0.9493670886075949,0.013333333333333334,0.75,79,0.9367,0.875
SIGMA_A,2.0,camera,tune,620,64,58,0.9064,0.1032,3.6103,12,0.9493670886075949,0.0,1.0,79,0.9367,0.875
SIGMA_A,2.0,fused,tune,4920,684,643,0.8779,0.139,4.9581,122,0.8987341772151899,0.06666666666666667,0.75,79,0.9367,0.875
SIGMA_A,4.0,lidar,tune,1880,370,347,0.8356,0.1968,4.2495,52,0.9493670886075949,0.0,1.0,79,0.9367,0.9375
SIGMA_A,4.0,radar,tune,2306,364,338,0.8637,0.1578,4.7777,97,0.9493670886075949,0.0,1.0,79,0.9367,0.9375
SIGMA_A,4.0,camera,tune,622,62,57,0.9094,0.0997,3.4402,11,0.9493670886075949,0.0,1.0,79,0.9367,0.9375
SIGMA_A,4.0,fused,tune,4928,676,633,0.8794,0.1372,5.4461,124,0.8987341772151899,0.06666666666666667,0.75,79,0.9367,0.9375
SIGMA_A,8.0,lidar,tune,1880,370,348,0.8356,0.1968,4.5197,52,0.9493670886075949,0.0,1.0,79,0.9399,1.0
SIGMA_A,8.0,radar,tune,2312,358,332,0.8659,0.1548,4.6546,97,0.9493670886075949,0.0,1.0,79,0.9399,1.0
SIGMA_A,8.0,camera,tune,623,61,56,0.9108,0.0979,3.5763,11,0.9493670886075949,0.0,1.0,79,0.9399,1.0
SIGMA_A,8.0,fused,tune,4952,652,611,0.8837,0.1317,5.1081,120,0.9113924050632911,0.04,1.0,79,0.9399,1.0
